{
  "univariate": {
    "estimators": [
      1000,
      2000,
      3000,
      4000,
      5000,
      6000,
      7000,
      8000,
      9000,
      10000
    ],
    "mean": [
      0.7588235294117647,
      0.7588235294117647,
      0.7588235294117647,
      0.7352941176470588,
      0.7588235294117647,
      0.7588235294117647,
      0.7588235294117647,
      0.7588235294117647,
      0.7588235294117647,
      0.7588235294117647
    ]
  },
  "lowVariance": {
    "estimators": [
      1000,
      2000,
      3000,
      4000,
      5000,
      6000,
      7000,
      8000,
      9000,
      10000
    ],
    "mean": [
      0.8147058823529412,
      0.8205882352941177,
      0.8080882352941176,
      0.8147058823529412,
      0.8202205882352942,
      0.8147058823529412,
      0.8202205882352942,
      0.8323529411764706,
      0.8319852941176471,
      0.8022058823529411
    ]
  },
  "backwards_elimination": {
    "estimators": [
      1000,
      2000,
      3000,
      4000,
      5000,
      6000,
      7000,
      8000,
      9000,
      10000
    ],
    "mean": [
      0.8382352941176471,
      0.8441176470588235,
      0.8136029411764707,
      0.8264705882352942,
      0.8375,
      0.8316176470588236,
      0.8205882352941177,
      0.8319852941176471,
      0.8257352941176471,
      0.8143382352941175
    ]
  },
  "allFeatures": {
    "estimators": [
      1000,
      2000,
      3000,
      4000,
      5000,
      6000,
      7000,
      8000,
      9000,
      10000
    ],
    "mean": [
      0.8386029411764706,
      0.8264705882352942,
      0.8382352941176471,
      0.8261029411764707,
      0.8261029411764707,
      0.8261029411764707,
      0.8077205882352942,
      0.8382352941176471,
      0.8378676470588236,
      0.8198529411764707
    ]
  }
}