{
  "univariate": {
    "estimators": [
      100,
      200,
      300,
      400,
      500,
      600,
      700,
      800,
      900,
      1000
    ],
    "mean": [
      0.7588235294117647,
      0.7588235294117647,
      0.7588235294117647,
      0.7588235294117647,
      0.7588235294117647,
      0.7588235294117647,
      0.7352941176470588,
      0.7588235294117647,
      0.7352941176470588,
      0.7588235294117647
    ]
  },
  "lowVariance": {
    "estimators": [
      100,
      200,
      300,
      400,
      500,
      600,
      700,
      800,
      900,
      1000
    ],
    "mean": [
      0.8202205882352942,
      0.8261029411764707,
      0.8080882352941178,
      0.8257352941176471,
      0.8264705882352942,
      0.8261029411764707,
      0.8261029411764707,
      0.7908088235294117,
      0.8198529411764707,
      0.8261029411764707
    ]
  },
  "backwards_elimination": {
    "estimators": [
      100,
      200,
      300,
      400,
      500,
      600,
      700,
      800,
      900,
      1000
    ],
    "mean": [
      0.8375,
      0.8444852941176471,
      0.8073529411764706,
      0.8261029411764707,
      0.8319852941176471,
      0.8205882352941177,
      0.8011029411764706,
      0.8327205882352942,
      0.8503676470588235,
      0.8198529411764707
    ]
  },
  "allFeatures": {
    "estimators": [
      100,
      200,
      300,
      400,
      500,
      600,
      700,
      800,
      900,
      1000
    ],
    "mean": [
      0.8143382352941175,
      0.8261029411764707,
      0.8319852941176471,
      0.801470588235294,
      0.8147058823529412,
      0.8143382352941178,
      0.8147058823529412,
      0.8327205882352942,
      0.8378676470588236,
      0.8143382352941178
    ]
  }
}