{"allFeatures": {"estimators": [1000, 2000, 3000, 4000, 5000, 6000, 7000, 8000, 9000, 10000], "mean": [0.8433823529411765, 0.8128676470588235, 0.8555147058823529, 0.8305147058823529, 0.8191176470588235, 0.8672794117647058, 0.8261029411764707, 0.8073529411764706, 0.8253676470588236, 0.8731617647058822]}}