{"allFeatures": {"estimators": [100, 100, 100, 100, 100, 100, 100, 100, 100, 100, 1100, 1100, 1100, 1100, 1100, 1100, 1100, 1100, 1100, 1100, 2100, 2100, 2100, 2100, 2100, 2100, 2100, 2100, 2100, 2100, 3100, 3100, 3100, 3100, 3100, 3100, 3100, 3100, 3100, 3100, 4100, 4100, 4100, 4100, 4100, 4100, 4100, 4100, 4100, 4100, 5100, 5100, 5100, 5100, 5100, 5100, 5100, 5100, 5100, 5100, 6100, 6100, 6100, 6100, 6100, 6100, 6100, 6100, 6100, 6100, 7100, 7100, 7100, 7100, 7100, 7100, 7100, 7100, 7100, 7100, 8100, 8100, 8100, 8100, 8100, 8100, 8100, 8100, 8100, 8100, 9100, 9100, 9100, 9100, 9100, 9100, 9100, 9100, 9100, 9100], "max_depth": [100, 200, 300, 400, 500, 600, 700, 800, 900, 1000, 100, 200, 300, 400, 500, 600, 700, 800, 900, 1000, 100, 200, 300, 400, 500, 600, 700, 800, 900, 1000, 100, 200, 300, 400, 500, 600, 700, 800, 900, 1000, 100, 200, 300, 400, 500, 600, 700, 800, 900, 1000, 100, 200, 300, 400, 500, 600, 700, 800, 900, 1000, 100, 200, 300, 400, 500, 600, 700, 800, 900, 1000, 100, 200, 300, 400, 500, 600, 700, 800, 900, 1000, 100, 200, 300, 400, 500, 600, 700, 800, 900, 1000, 100, 200, 300, 400, 500, 600, 700, 800, 900, 1000], "mean": [0.8610294117647058, 0.8547794117647058, 0.8727941176470587, 0.8731617647058822, 0.8485294117647058, 0.8606617647058823, 0.8856617647058822, 0.8613970588235293, 0.8676470588235293, 0.8676470588235293, 0.8794117647058822, 0.8676470588235293, 0.8794117647058822, 0.8852941176470589, 0.84375, 0.8852941176470589, 0.8727941176470588, 0.8731617647058822, 0.8672794117647058, 0.8911764705882353, 0.8731617647058822, 0.8672794117647058, 0.8852941176470589, 0.8790441176470589, 0.8735294117647058, 0.8676470588235293, 0.8797794117647058, 0.8794117647058822, 0.8852941176470589, 0.8731617647058822, 0.8790441176470589, 0.8790441176470589, 0.8672794117647058, 0.8551470588235294, 0.8852941176470589, 0.8669117647058823, 0.8731617647058822, 0.8672794117647058, 0.8794117647058822, 0.8672794117647058, 0.8551470588235294, 0.8727941176470588, 0.8794117647058822, 0.8735294117647058, 0.8849264705882354, 0.8794117647058822, 0.8676470588235293, 0.8731617647058822, 0.9029411764705882, 0.8852941176470589, 0.8735294117647058, 0.8735294117647058, 0.8613970588235293, 0.8849264705882354, 0.8676470588235293, 0.8790441176470589, 0.8672794117647058, 0.8852941176470589, 0.8727941176470588, 0.8735294117647058, 0.8727941176470588, 0.8790441176470589, 0.8676470588235293, 0.8794117647058822, 0.8794117647058822, 0.8672794117647058, 0.8735294117647058, 0.8735294117647058, 0.8790441176470589, 0.8731617647058822, 0.8849264705882354, 0.8790441176470589, 0.8786764705882353, 0.8735294117647058, 0.8794117647058822, 0.8794117647058822, 0.8794117647058822, 0.8613970588235293, 0.8735294117647058, 0.8731617647058822, 0.8735294117647058, 0.8672794117647058, 0.8911764705882353, 0.8794117647058822, 0.8852941176470589, 0.8669117647058823, 0.8731617647058822, 0.8669117647058823, 0.8852941176470589, 0.8790441176470589, 0.8915441176470589, 0.8735294117647058, 0.9033088235294118, 0.8911764705882353, 0.8852941176470589, 0.8849264705882354, 0.8672794117647058, 0.8911764705882353, 0.8849264705882354, 0.8911764705882353]}}