{
  "univariate": {
    "estimators": [
      100,
      200,
      300,
      400,
      500,
      600,
      700,
      800,
      900,
      1000
    ],
    "max_depth": [
      20,
      40,
      60,
      80,
      100,
      20,
      40,
      60,
      80,
      100
    ],
    "mean": [
      0.7588235294117647,
      0.7588235294117647,
      0.7588235294117647,
      0.7588235294117647,
      0.7588235294117647,
      0.7588235294117647,
      0.7588235294117647,
      0.7588235294117647,
      0.7588235294117647,
      0.7588235294117647
    ]
  },
  "lowVariance": {
    "estimators": [
      100,
      200,
      300,
      400,
      500,
      600,
      700,
      800,
      900,
      1000
    ],
    "max_depth": [
      20,
      40,
      60,
      80,
      100,
      20,
      40,
      60,
      80,
      100
    ],
    "mean": [
      0.8375,
      0.8551470588235294,
      0.8371323529411765,
      0.83125,
      0.8433823529411765,
      0.8496323529411764,
      0.85,
      0.8371323529411765,
      0.8433823529411765,
      0.8676470588235293
    ]
  },
  "backwards_elimination": {
    "estimators": [
      100,
      200,
      300,
      400,
      500,
      600,
      700,
      800,
      900,
      1000
    ],
    "max_depth": [
      20,
      40,
      60,
      80,
      100,
      20,
      40,
      60,
      80,
      100
    ],
    "mean": [
      0.8139705882352942,
      0.8316176470588236,
      0.8433823529411765,
      0.8610294117647058,
      0.8488970588235294,
      0.8371323529411765,
      0.8496323529411764,
      0.8492647058823529,
      0.8492647058823529,
      0.8257352941176471
    ]
  },
  "allFeatures": {
    "estimators": [
      100,
      200,
      300,
      400,
      500,
      600,
      700,
      800,
      900,
      1000
    ],
    "max_depth": [
      20,
      40,
      60,
      80,
      100,
      20,
      40,
      60,
      80,
      100
    ],
    "mean": [
      0.8257352941176471,
      0.8617647058823529,
      0.8492647058823529,
      0.84375,
      0.8492647058823529,
      0.8551470588235294,
      0.8433823529411765,
      0.8492647058823529,
      0.8433823529411765,
      0.8492647058823529
    ]
  }
}